metric,area,comp,suff
mae,0.05,7.97165,18.21702
mae,0.075,9.332975,17.384995
mae,0.1,10.038847,16.889594
mae,0.15,11.445272,15.737271
mse,0.05,6.148502,22.12033
mse,0.075,7.665615,20.257282
mse,0.1,8.547635,19.182259
mse,0.15,10.432541,16.808907
