metric,area,comp,suff
mae,0.05,9.14064,17.508822
mae,0.075,10.552035,16.62583
mae,0.1,11.232108,16.102248
mae,0.15,12.519889,14.930837
mse,0.05,7.525988,20.619081
mse,0.075,9.238782,18.775568
mse,0.1,10.169867,17.707886
mse,0.15,12.007346,15.378688
