metric,area,comp,suff
mae,0.05,6.011082,19.880852
mae,0.075,7.788888,19.160031
mae,0.1,8.737799,18.747803
mae,0.15,10.587056,17.866604
mse,0.05,3.740013,26.24424
mse,0.075,5.48662,24.497836
mse,0.1,6.583322,23.506541
mse,0.15,8.968784,21.456463
