metric,area,comp,suff
mae,0.05,11.165111,16.171956
mae,0.075,12.720087,14.797143
mae,0.1,13.478232,13.987442
mae,0.15,14.937376,12.225451
mse,0.05,9.897211,17.861078
mse,0.075,12.198424,15.140745
mse,0.1,13.42764,13.616276
mse,0.15,15.899144,10.548987
